ID,Group,Feature_1,Feature_2,Feature_3
ID001,A,2271.633815994404,405.75994101230486,4761.201389672321
ID002,C,1981.060658074719,390.5869300411099,-1598.7911786395744
ID003,C,2632.6337728285007,386.6292608191836,-2248.5627359203727
ID004,B,2265.9236807141037,392.7192620761399,4524.171846976004
ID005,B,2633.82236637816,387.50338927092156,5266.7231250634695
ID006,A,2649.0213264984136,392.60629408805363,5981.1878480525
ID007,C,2924.0655676008,411.68009533921037,-2512.9899164116887
ID008,B,2568.641130317347,399.0840950094147,5130.306995599289
ID009,A,2770.5147985604085,404.04636562810526,6305.43340415547
ID010,A,3193.270096347239,400.3184033312224,7571.104284752154
ID011,A,2305.6972861463605,412.0074344280391,4858.143818978391
ID012,B,2191.7491565388746,407.98443314216183,4384.252158132844
ID013,C,2532.6937327199357,376.490101316592,-2151.8006038152907
ID014,B,2304.833381539751,429.55269716170204,4607.0029481353395
ID015,C,2757.565346748921,411.9582202699439,-2347.339375325197
ID016,C,2588.7271529880086,402.76118896438146,-2179.341315321102
ID017,C,2700.119498701507,406.7173199962906,-2285.216393301333
ID018,C,2936.4375238989437,398.9303216397528,-2522.621879862996
ID019,C,2735.137788449282,392.0971861124344,-2330.214527066519
ID020,A,1908.6779749363068,408.6109297491911,3694.224233438336
ID021,B,3166.255300430911,410.0862788731471,6326.790323463163
ID022,C,2618.7587535058956,373.89252017241404,-2234.974761528431
ID023,C,2416.4076807685606,385.4625158806356,-2014.833243297623
ID024,A,2784.6789397328375,391.96917457081355,6369.2961447672205
ID025,A,2269.2337043426182,415.46395418321754,4730.213373801947
ID026,A,2676.331685746051,402.39531602908914,6015.203756652361
ID027,A,2023.2638745066965,370.3615030348105,4219.703041056602
ID028,A,2064.546257601692,388.5812629142803,4240.849536590855
ID029,B,2551.5534841139097,403.8303800415417,5119.185285123472
ID030,B,2300.298429821056,387.07681508637825,4583.043854658592
ID031,C,2098.8120636514764,421.8782520263751,-1700.0591937416868
ID032,B,2750.7818811542174,415.0692843751996,5504.635065305128
ID033,B,2271.9552451341656,388.20995579751775,4549.8985464344905
ID034,A,2302.161407496033,405.74997536818125,4877.3020944962545
ID035,B,2279.4834115836757,397.89372058401676,4573.0302023179775
ID036,B,2661.3988057492993,393.9231396890079,5345.400881501796
ID037,B,2403.666573337797,400.0380684739608,4803.576484440502
ID038,C,2399.2860306154357,396.15412574696194,-1983.2777026085646
ID039,C,2246.3549857750295,372.5447723171868,-1863.5808563568337
ID040,C,2966.6503992911776,395.5522661774705,-2588.437059012913
ID041,B,2732.6762316046684,416.7364412899905,5441.2913970341615
ID042,A,2357.635414890323,442.6254998579628,4854.512407365927
ID043,A,2097.749337915182,380.7186657738238,4368.526514221684
ID044,B,2350.8510145710034,421.92928424501764,4714.718738609916
ID045,C,2278.7363934114633,407.89339612669556,-1857.8303387424935
ID046,C,2625.2401032601665,393.6876690988488,-2239.950696351992
ID047,A,2236.127733594709,386.6167796585714,4762.716426770927
ID048,C,2606.366400443123,388.2032555640405,-2229.6379671534187
ID049,B,2076.9795140229885,387.01958165013434,4163.675983580234
ID050,C,2834.3301056578584,419.21073943256715,-2420.0744657893347
ID051,A,2643.4650462144787,380.7217474111088,6021.750697482214
ID052,B,2373.5785624531322,386.3015497690328,4763.097445287007
ID053,B,2384.5912341843473,388.2424966208973,4757.561128476114
ID054,A,2762.1879028167714,393.1178266686472,6343.354368089585
ID055,C,2467.5565015495586,404.89902513243476,-2047.0903242390818
ID056,B,2195.1162357059047,390.7406036514564,4400.757919559577
ID057,B,1784.3757141482079,403.0319169716443,3566.8337503012217
ID058,C,2405.761219742087,374.204718509055,-2023.5367988745923
ID059,C,2835.19873802951,386.9373647112646,-2456.316072137595
ID060,C,2641.000525772629,401.2322624805128,-2240.3704362809362
ID061,A,2538.551800282366,375.64161668779496,5730.708647409603
ID062,B,2383.207767128472,400.87560936135367,4774.231519824875
ID063,C,2670.414704109537,369.8859838063741,-2309.150450708036
ID064,B,2421.0287904238785,392.7617801830276,4841.678651906867
ID065,A,1856.6099433092943,403.0215768960327,3554.8994306429163
ID066,C,2366.5008394062443,399.1353009851594,-1963.119268812916
ID067,C,2419.2901734101706,388.02490716880607,-2018.7085730624099
ID068,C,2959.4271108037647,374.9744488225349,-2574.480697747574
ID069,A,2629.0108698660283,389.67820171684,5923.295127265174
ID070,B,2971.6690960226188,392.17549068214095,5936.156493751153
ID071,B,3001.7967375763083,391.0706893193174,6018.879784013226
ID072,A,2159.5194887416865,392.69517812357736,4513.686168628902
ID073,C,2314.667607525064,401.68070607824285,-1903.3530472467519
ID074,C,2430.1859128001233,389.6214289503341,-2044.87985669752
ID075,B,2312.2853599313376,392.6048512430066,4625.636335038127
ID076,B,2534.847187319358,385.53809974381517,5080.1286329885825
ID077,B,2329.293549822074,394.83565252250355,4641.1887419806835
ID078,A,3406.968883488177,408.1603973151226,8159.091623969803
ID079,B,2773.350578003141,399.0025507364893,5525.990544964954
ID080,C,2056.0399640057512,411.9783756904824,-1635.0670175867072
ID081,A,2250.9641881369635,388.5239581518102,4821.827679032485
ID082,B,2072.505973515121,403.79056021325823,4116.039857195296
ID083,A,2562.4566248337196,418.6453738063221,5602.485572713742
ID084,B,2424.41637778974,367.3679331533717,4863.599536491385
ID085,A,2634.74021944134,431.8015552984832,5744.740375893883
ID086,A,2233.5354611535245,388.3124263928854,4763.542116401253
ID087,C,2505.1018334183614,371.7688932309589,-2134.219661334694
ID088,B,2654.4602220856573,393.6737924812737,5336.368577374875
ID089,C,2212.985607105565,405.71224786785905,-1802.3877544600875
ID090,B,1891.808081117968,414.96537254068977,3781.5960281403254
ID091,C,2685.7261290451443,405.7512166134537,-2283.6051062111414
ID092,B,2689.5356444573017,418.62220331530375,5374.06920705559
ID093,C,2272.782338026043,393.43806206058235,-1868.7421908996546
ID094,C,3005.573053097095,417.29983054355387,-2593.7928550053216
ID095,C,2612.045161457724,427.0783014057527,-2175.9116196833775
ID096,B,2349.5206748518926,391.8337650055563,4703.904642997574
ID097,A,2284.8213497381594,376.7416911987381,4975.975989339954
ID098,C,3081.988560818435,386.39249790909935,-2700.344465450326
ID099,A,3100.9714983217978,422.04623539298797,7187.250623162182
ID100,B,2292.486245881464,430.7880263555456,4585.5893638867565
ID101,A,2662.135854153977,413.80269473024566,5903.694317838229
ID102,A,2165.3530439117403,395.0763806727924,4499.861039394336
ID103,C,2675.0215011240684,401.682602964212,-2286.321660332883
ID104,B,2715.4530608641035,388.29862200495637,5414.721868606268
ID105,A,2504.7141587798383,396.4806828204253,5538.842419399066
ID106,A,2640.5197052246813,401.4468041675445,5909.705817817127
ID107,A,2369.682289157956,412.9209391256553,5063.769136585399
ID108,B,2594.7389580302097,377.8587985145478,5181.299166621255
ID109,C,2624.9117247769072,395.3638426638078,-2230.86723257728
ID110,B,2636.4939064485307,420.367169075541,5250.177623204623
ID111,C,2201.981552777958,397.50612217117964,-1823.6028877631375
ID112,A,2304.10216566946,421.2313997623314,4808.736998792647
ID113,B,2880.351187263616,397.95056473092865,5786.129782559278
ID114,C,2413.022980439414,414.6840910947817,-1980.10074115758
ID115,A,2197.325084311758,423.02584196160905,4465.888842659705
ID116,C,1930.5143247352948,402.0430874721401,-1528.2137502140054
ID117,A,2592.875734322777,399.9378684500352,5811.788621955397
ID118,C,2414.839908763442,428.41899592856157,-1962.902831347041
ID119,C,2477.6145986172232,417.8413355602377,-2061.522292389566
ID120,B,2723.1209614780696,397.63143327289964,5441.891486855829
ID121,A,2167.3193372235137,420.27089569585536,4386.571226001135
ID122,C,2363.5283096133926,364.05588168537685,-1987.1992300627714
ID123,B,2900.1723046958105,405.1300585581145,5791.060981025601
ID124,A,2437.935592762816,385.2684376481352,5409.185077389293
ID125,B,2547.3442938969247,417.62333614354026,5094.904293804374
ID126,B,2662.977688119314,415.3150839701045,5322.304300307854
ID127,A,2337.1326750298945,396.1537451230995,5036.2052849333795
ID128,B,2632.0794966476137,397.6198963839096,5266.819233154023
ID129,C,2314.300415017685,388.2242552175799,-1923.571347579465
ID130,C,2700.7392361096267,414.9085806180863,-2302.7006488365505
ID131,B,2589.1156703146844,425.19199285022836,5163.294698771144
ID132,B,3256.1707216969407,422.0846961848722,6518.605333799028
ID133,B,2796.336158647513,391.4425740857748,5604.6201470918795
ID134,A,2194.2342282827904,405.66009176776095,4567.434273352949
ID135,B,2220.782976307231,422.7555990253286,4446.075518984506
ID136,B,2510.395575929164,366.0206474796524,5026.394253387588
ID137,C,2269.2284050705352,398.76675902437836,-1878.2525392670323
ID138,C,2444.5120533204777,411.3892910066923,-2041.3987635768901
ID139,A,2658.9700551359188,400.9450482359811,5967.504526376139
ID140,B,2500.5319953286867,439.0845400529305,4984.703709256044
ID141,C,2633.326441522991,389.7095636545564,-2252.565062483242
ID142,A,2280.5862736558147,404.82081830282743,4826.2360755999325
ID143,A,2617.158252267146,406.7112966149992,5805.480861498359
ID144,B,2171.578488933788,406.68458023377326,4358.564379373779
ID145,A,2330.457870717996,414.9890072349047,4916.603212132116
ID146,A,2545.33782748773,420.42761992112605,5529.750302452891
ID147,A,2332.82954133582,392.5716693063915,5047.486778525636
ID148,A,2221.514281331909,409.5852629009044,4620.267404664296
ID149,A,2469.611685886921,402.40871537157767,5379.601333525829
ID150,C,2548.8500900802437,401.9373863643629,-2122.441932617522
ID151,A,2215.5428539759355,395.3235681064528,4656.791032569518
ID152,C,2011.9695858347404,422.9921266784087,-1591.7070458121336
ID153,A,2287.874977127841,413.6650762308958,4785.136775387366
ID154,B,2760.5048965744277,406.4054655759644,5525.456554925155
ID155,A,2434.5382394818203,403.9295233737742,5274.731738156352
ID156,C,2624.75385662899,372.6967868579859,-2249.8502804978016
ID157,B,2501.8656985514867,428.35210936180846,5004.208790603986
ID158,C,2408.478830691329,403.78836129370393,-1991.635780444205
ID159,B,2462.4604111728054,420.3438511755961,4923.681045167863
ID160,A,2816.8807312112076,394.20439547364606,6475.931274618871
ID161,A,2467.034528345223,420.1340339921638,5317.74221351989
ID162,B,2930.4834135885476,371.428727268295,5850.434984359252
ID163,B,2917.7551896162004,408.7175900206937,5818.830113277896
ID164,B,2465.0028221208395,396.99672609719727,4925.4889414167255
ID165,A,2483.3358017222986,393.03462187749153,5490.252186541106
ID166,C,2839.566079214285,397.3809360392759,-2441.8182732234977
ID167,B,2914.0482807703174,413.1443445593384,5809.675987528014
ID168,B,2202.4105966386937,390.49593301356776,4402.29976861457
ID169,A,1672.181259545549,394.9284166147184,3019.743494907771
ID170,C,2810.841464204739,384.5255461919104,-2423.785200765542
ID171,A,2945.361624682545,376.39629109718686,6952.354269863154
ID172,B,3020.7274337892586,391.8272319538725,6060.763297125403
ID173,A,2655.0302880946774,405.3191879236043,5935.703881010264
ID174,A,2278.353432707822,371.7074262087644,4963.058313734756
ID175,C,2480.6383846546787,386.3666511592356,-2073.6648308048125
ID176,C,2032.907141623964,362.8453245091414,-1685.673573104725
ID177,A,2849.0773602830977,379.83795874445684,6652.851197394755
ID178,B,2740.2970250098588,408.8600813173759,5479.100643615565
ID179,A,2465.3999374620275,413.05590266185027,5342.951098302563
ID180,B,2313.3256183575654,398.8456153209803,4633.628825154989
ID181,A,2524.746356337831,393.34014473492505,5600.347161114702
ID182,A,2388.5624066208443,368.5141399234719,5334.745551022838
ID183,C,2505.292204220155,412.9939884645567,-2096.7480372977034
ID184,C,2934.5752954451277,372.93028342413146,-2576.3464995393506
ID185,B,2630.2174000873824,416.91074655748776,5264.38240007298
ID186,B,2874.036211554937,403.9021605024343,5753.121760345125
ID187,B,2341.449725292766,395.98971576337806,4681.79050269897
ID188,A,2128.409951236835,407.87406387131534,4346.431898595786
ID189,A,2689.577983175709,392.84744255374846,6085.960451482153
ID190,B,2792.564768374332,409.3572046335022,5584.302634343196
ID191,A,2508.8211485054208,392.6890767693481,5565.871352675003
ID192,B,2481.36718974637,410.5219638155592,4994.017533497834
ID193,A,2541.744184876619,413.68613391461014,5559.832170415429
ID194,B,2751.2903313542824,382.83107491138816,5489.248388637857
ID195,C,3073.6368575723113,412.41676804731617,-2650.5880396147913
ID196,B,2456.353605001751,403.4010246411779,4907.913642689589
ID197,A,2631.7721768883603,394.46246834799007,5949.773397137674
ID198,B,2860.4191556105625,398.9600817768868,5719.41532631718
ID199,C,2333.0635631819932,407.6306466256383,-1930.5104494072039
ID200,B,3026.7609016261285,399.2052193485386,6058.37855960638
ID201,C,2467.189570091415,390.9142116454431,-2066.6562644853425
ID202,A,1895.7529417000615,425.5550391561,3575.437856633376
ID203,B,2338.373508040524,428.94573994448564,4666.291748275475
ID204,A,2012.4894424159588,404.15693949616326,3995.2926757917276
ID205,A,2198.7518536410744,393.03777030964653,4618.45256567367
ID206,A,2723.074925535175,421.3444643509608,6067.324671995581
ID207,A,2608.733014010175,413.7040132513436,5782.232596058756
ID208,A,2676.021851795876,380.48281392767524,6098.469574556734
ID209,C,2377.6443392270266,397.6545661945191,-1993.6152739846561
ID210,B,2907.3361036895467,406.41221789876874,5816.367609139864
ID211,C,2332.1955632767085,418.97336410512526,-1905.025251454609
ID212,B,2677.646145321215,401.1495146144411,5336.066077503937
ID213,C,1983.2597513588837,407.4260018682796,-1585.792983602294
ID214,A,2321.98596048505,405.4955998045454,4945.967014347544
ID215,A,2295.6073697121765,393.0391183255072,4890.640880319323
ID216,C,3190.3105258978303,403.8171122450026,-2768.85540601794
ID217,C,2541.7861573642076,412.03786745027287,-2129.3274626977795
ID218,A,2857.621242707564,367.3229168091236,6724.031306283286
ID219,B,2264.177545105291,411.86590192875343,4526.239063134146
ID220,C,2383.4339218233863,395.06680141967394,-1985.7149788624374
ID221,A,2540.9527233298954,413.33446985653546,5578.1043637518715
ID222,B,2521.191783198351,418.8589000538425,5059.765713926134
ID223,A,2811.983933019302,413.7017010063577,6368.609804042829
ID224,B,2292.402439500736,415.4785279925132,4564.754627788428
ID225,B,2874.2187175899357,371.83265245581015,5752.008770395859
ID226,B,2381.347136296521,404.6803807544326,4791.799659125941
ID227,A,2800.5847290476804,394.55906091106044,6444.44734718511
ID228,B,1596.9733512788546,379.6685175304531,3180.3714510999143
ID229,B,2239.4161637678085,402.771453253623,4482.983583840025
ID230,A,2389.7240962234714,392.76676039283996,5182.695722021171
ID231,B,2516.7394488955924,404.6798799477312,5029.749266321588
ID232,A,2147.219197424739,409.47743930707105,4391.272040429901
ID233,C,2350.7472549866166,402.07455213409776,-1944.3778173667731
ID234,A,2139.0811344894582,412.6404912396526,4360.470470373662
ID235,C,2295.6786577718585,416.3519517598732,-1851.7780419919097
ID236,A,2420.8689667907784,419.2260152664165,5168.018736410429
ID237,B,2091.7969968919224,399.93994370272014,4200.741319989645
ID238,B,2606.3112507990286,374.15291074712655,5236.870138807145
ID239,B,2252.56875735558,395.9451142926438,4506.262742985443
ID240,B,2149.4081775203676,381.27476310980734,4309.58481196027
ID241,B,2298.478121996037,383.9507110804466,4589.596510186454
ID242,A,2554.4033424403624,409.40466300876955,5623.925395495675
ID243,A,2386.7795280851574,384.06736574959945,5239.517901118507
ID244,C,2328.0105650406485,402.3266479399047,-1916.9139355476636
ID245,B,2804.2018581152247,403.187994311537,5594.8790136738235
ID246,A,2359.4342375980564,402.2367731164795,5050.07586687387
ID247,A,2604.830367450859,397.03778794945947,5807.539352822121
ID248,A,2127.0507738173187,402.49015412990053,4364.168016662134
ID249,A,2758.0845016834387,398.6281826905478,6298.106424133145
ID250,B,2319.6378352257607,421.97997478928835,4625.49451640462
ID251,A,2086.0395755263485,393.82862847122766,4320.054537734302
ID252,B,2362.2183622409952,421.7671711841541,4719.993114338921
ID253,A,2582.2333709601935,389.67797139164423,5793.020223953039
ID254,C,2589.1332013846527,378.5967409281077,-2195.481408423388
ID255,A,2735.8040356283013,393.60955424542624,6247.3332358935795
ID256,C,2885.13989119396,402.34332918323054,-2477.1514191638657
ID257,A,2634.1416648852005,395.6597639736227,5905.203992069353
ID258,A,2489.0894333412994,395.0432825765123,5470.826335572426
ID259,C,2342.057891150441,390.297097862165,-1963.6432601511153
ID260,B,2120.288585973978,393.1183233685488,4269.6658290484775
ID261,C,3115.060865492699,412.7450837354793,-2717.4430655566325
ID262,B,2647.5064534643734,410.04524878208446,5304.780017551508
ID263,C,2336.2039963168577,417.7341442959281,-1922.7170120936885
ID264,C,2719.100099800126,417.29224899492164,-2307.8232348150946
ID265,B,2301.959540633387,395.51591828400035,4620.244938801141
ID266,B,2546.4944566859904,425.9919499632777,5091.947530212301
ID267,A,2523.00152012706,410.177881398253,5510.008427231155
ID268,C,2666.6257691153187,391.7839985874737,-2302.633401749872
ID269,B,2274.277622901974,402.29765769479206,4554.76593574545
ID270,A,2324.181117112453,386.9904971117043,5041.089860442505
ID271,A,2592.4669501247904,402.03528000334137,5762.152674575631
ID272,A,2345.5822501127095,403.99228563131896,5019.21935426087
ID273,B,3140.458222346719,390.6748356274,6287.156006605962
ID274,A,2263.9063354826553,441.77315698674767,4568.726062894328
ID275,C,2056.0693841887414,395.51279545803254,-1665.2965501025556
ID276,A,1985.3131162055645,395.32540532309764,3982.027829962246
ID277,A,2672.4982619095745,421.9245638389636,5884.397047682267
ID278,B,2188.1210841482666,405.4429106875969,4374.150265072708
ID279,C,2214.4956974120805,365.85930790272465,-1851.9800857742705
ID280,A,2466.260477562915,400.0095406782453,5396.633823501853
ID281,C,2317.8353916774417,385.5633694286151,-1932.8644271471742
ID282,B,2532.1076017061173,378.8020316880392,5055.69302068298
ID283,C,2442.3394160678085,404.387310233618,-2032.0200985978818
ID284,C,2303.0802673558505,422.1656938519674,-1894.2026601949096
ID285,B,2449.8400208531807,393.8898134602998,4897.608140011499
ID286,A,2850.741463626945,394.98975252539,6574.68812618042
ID287,B,2652.733707099332,430.8659702325375,5309.129372423065
ID288,A,2962.436276673518,382.51439001767307,6989.6633411224
ID289,B,2682.1016124837706,408.01347549441726,5349.094813241736
ID290,A,2411.085412365397,385.12596789828444,5302.260606859412
ID291,B,2702.1400389456917,399.16422467085164,5423.140691238291
ID292,B,2816.275282047737,422.5686671880529,5632.69782158914
ID293,A,2545.85276986737,395.5376269499971,5655.990372454453
ID294,C,2519.252997938462,406.7356182375975,-2108.7233973637462
ID295,C,2767.692237054957,395.2011699647423,-2362.704312829296
ID296,B,2186.786605393573,395.5619764320308,4394.419062039422
ID297,A,2490.2191093583974,389.8763940949392,5562.814421127892
ID298,A,2681.7009001601164,378.3834116918084,6167.360192899907
ID299,B,1809.9496786292502,391.4008559747676,3615.365243537245
ID300,A,2715.9505615851745,390.7172855115899,6192.578871424262
ID301,B,2832.025390531287,388.80059515840526,5654.030111725893
ID302,A,2571.780003701048,436.70396982329817,5529.035906660835
ID303,A,2491.7456676935544,423.8864199025064,5359.830170962119
ID304,A,2735.5055608511166,414.0160464222524,6118.823388987389
ID305,C,2358.214750660039,410.8027423976215,-1982.4216859862845
ID306,C,2511.56687944727,397.5973051554261,-2097.648390147781
ID307,B,2739.7862245952965,403.49264537935295,5497.816446487159
ID308,A,2470.283600746839,404.1018768897074,5405.2903859231765
ID309,A,2418.2389676664548,405.89313647732035,5235.27635889293
ID310,C,2760.2073118842436,410.37448331344825,-2356.196823585697
ID311,A,2874.2077980297527,395.7316909100337,6638.702557152419
ID312,C,2364.7060136402247,389.156933437766,-1972.351862537108
ID313,A,2008.4073744592147,378.35028713955126,4145.634199454666
ID314,B,2623.3716439068335,425.3671253816866,5246.117341088216
ID315,A,2507.5334502346313,387.8389793656146,5566.328608453309
ID316,A,2474.7984626517846,413.860083837511,5364.776916561456
ID317,A,2704.253189032312,418.64112352111994,6021.301137942559
ID318,B,1931.3714911237116,436.26302014882293,3860.371835733398
ID319,B,2474.6635579772346,409.55964873396755,4948.1666825971815
ID320,B,2578.499466769166,373.7405141655778,5161.171283013988
ID321,B,2661.2962547889206,417.41604627568086,5310.885525804596
ID322,B,3190.1984592311633,396.9191082592211,6379.990939543422
ID323,B,2411.30727649445,409.56897407365244,4811.628328660771
ID324,C,2565.9800240064287,381.8402585188446,-2176.7981774312416
ID325,B,2716.0223362327138,401.8074676287514,5441.426898637842
ID326,B,2114.3007443269935,397.75572087544896,4244.861897532976
ID327,B,2235.2968036924085,401.56866483452654,4481.11699725408
ID328,B,2283.312023346611,403.255631030118,4558.023750817543
ID329,C,2366.0125050784013,371.29039649070523,-2006.9273870333145
ID330,C,2508.2460922237756,386.5663587136876,-2114.2387376586767
ID331,B,2682.351559326646,401.5950638957326,5381.4757618674375
ID332,A,2325.4446362295485,374.24034566090677,5093.198831146143
ID333,A,3257.4571997829707,384.19656145227265,7862.627028254845
ID334,A,2080.5145876701395,393.4703183877881,4291.5889302846035
ID335,C,2729.29798312792,386.751953751605,-2343.1641422520665
ID336,B,2352.0732170387405,383.6310035974765,4697.338756135065
ID337,B,2080.3731740747644,422.89617404461166,4153.608949554885
ID338,C,3285.403884511015,396.2722266443237,-2865.5134975385818
ID339,A,2332.6552009934594,371.80144274705856,5154.84492243861
ID340,C,2198.9023208155245,418.1830914264446,-1775.3978576560899
ID341,A,2203.1499392039264,371.8105681305576,4752.949996708795
ID342,B,2544.8333898892843,412.0107696815572,5089.357781982249
ID343,A,2548.443839772101,389.6879604206906,5698.705199218485
ID344,A,2309.28264741353,406.2602880332259,4911.197959338231
ID345,A,2152.1014355531643,403.7529726489731,4434.624017181334
ID346,A,2340.7816624838,384.43560800943504,5086.234702403478
ID347,B,2302.6849709669755,405.4279561749203,4615.803593708547
ID348,A,2128.3565664682033,376.2061554445543,4512.405000658788
ID349,B,2667.342593858339,371.06800438912836,5337.526105879791
ID350,A,2520.528560268135,403.97287744930463,5532.354353244228
ID351,B,2546.0884852793997,410.57926769879333,5086.847786893297
ID352,B,2434.9622954424854,368.9218053488459,4851.888874399574
ID353,B,3083.0674638110568,367.1771319336915,6161.49176893507
ID354,A,2382.783004190102,397.61435633004174,5156.439516587723
ID355,B,3123.179952100248,393.23194394498165,6223.553655789138
ID356,C,2076.8222420535053,394.2335605054464,-1676.302717175337
ID357,C,2582.741341755069,405.5754861947179,-2189.5928337876758
ID358,C,2395.9032735408596,374.084204954721,-2021.5438309831711
ID359,B,2241.2704717253037,368.3718037985523,4491.661906674205
ID360,C,2073.3048855927464,412.7391502018711,-1659.546685686979
ID361,B,2456.7511215580507,419.4308612718381,4913.219127280766
ID362,A,2864.891758384263,372.59718355384655,6734.926229150957
ID363,C,2258.3448240953735,399.10769203177824,-1854.606726879809
ID364,B,2355.9885217358296,380.0605133220702,4725.882372036565
ID365,A,2156.9962534792276,403.7136442090727,4451.176757386515
ID366,A,2802.920877026759,397.67923300149636,6425.073151046708
ID367,A,1512.1286825176228,396.64569408452047,2537.834192782698
ID368,B,2612.17331923322,396.18278319138057,5238.257314947257
ID369,A,1667.0024464835535,398.2166842465119,3009.7660446846435
ID370,C,2149.3807255541105,402.5290659585816,-1758.9750356734266
ID371,B,2570.021236758021,394.810242015203,5134.373361477565
ID372,C,2903.2154564292714,389.86378014661096,-2489.225400721714
ID373,A,2494.056083162785,381.76197516698255,5566.714713687508
ID374,A,2392.6002581643675,411.41226950932867,5113.975545151759
ID375,B,2445.7824889777967,399.15229458841065,4892.871380435896
ID376,B,2564.841394385313,412.22588069733985,5117.523331501549
ID377,C,2619.00973805522,392.5815671627316,-2224.8839356800554
ID378,C,1981.7256782208474,398.7293025459266,-1595.6616727948406
ID379,A,2859.07489812726,379.3764786314756,6680.230331613466
ID380,A,2926.663910135458,398.40645244157804,6785.813434687493
ID381,B,2646.549032821941,402.993401120928,5303.982493668994
ID382,B,1972.780801850647,388.3498329981525,3945.349478391185
ID383,A,2962.028000222174,384.72974129964854,6958.473593617671
ID384,C,2112.703826296502,372.60738287566534,-1736.0043842052191
ID385,A,3120.372131123887,413.2939950589919,7294.655247216854
ID386,A,2488.9746262333197,401.6999538659887,5460.620654206808
ID387,B,2678.087824399284,406.6914327290648,5329.231632131842
ID388,A,2735.9381892945885,437.9276063572954,6019.2709306541
ID389,B,1958.5738705914941,384.2212478341259,3911.0266757058776
ID390,A,2507.17644172396,379.29615267534234,5622.67701509064
ID391,C,2184.460872468092,393.09507807635737,-1786.9182357643206
ID392,B,2533.5910219590132,406.349836356921,5082.176479195223
ID393,B,2109.961821706939,389.8091979827286,4225.59217196281
ID394,C,2093.928486886374,414.1719735296484,-1684.920171529876
ID395,B,2276.0263418825284,425.936176188216,4559.635266841772
ID396,A,2143.5585053712207,410.7714234980629,4376.504765452052
ID397,A,2580.3042858416848,385.4644641175986,5831.75901010682
ID398,C,2319.6031211539444,410.37479394132964,-1910.1753746292827
ID399,B,2371.7898210461694,386.63157039638367,4746.917382002083
ID400,C,1728.3272528257244,400.34293454996646,-1343.4569099303096
ID401,C,2553.6398809578773,393.04141270027844,-2149.9820599034306
ID402,C,2359.574206376869,410.70704327717607,-1920.732144801588
ID403,A,2249.7888895686274,411.73479193683096,4680.587763189724
ID404,B,2491.8786515877905,407.9529276479481,4963.11050969152
ID405,A,1983.688220062077,395.2776333221194,3978.78475472787
ID406,A,2461.416269176309,386.8002146713404,5434.930514400223
ID407,A,2441.422618578233,388.7383067198661,5379.613822693169
ID408,A,2946.0822733704404,408.54875233677694,6796.3263063766
ID409,A,2714.910867777963,378.76170807906766,6244.015390726805
ID410,A,2089.237817935775,403.6103912625471,4249.768244001702
ID411,A,2653.9478533423617,413.13316439309943,5871.453129413671
ID412,C,2634.4183038973993,412.59075129903704,-2239.9526903187207
ID413,C,2374.0501439410787,398.5976520148179,-1962.7201822463198
ID414,B,2865.8973563219097,403.618136448631,5744.735064288626
ID415,C,2068.901513067719,369.44032843896497,-1709.2427324748091
ID416,A,2263.602988460103,392.56314964483676,4845.035399638942
ID417,C,2991.3091330699776,391.9046803816007,-2598.324556793765
ID418,B,2357.8856735205723,382.0029934131148,4707.018515659575
ID419,A,1625.0695611511758,384.92034819357167,2958.045029320577
ID420,C,2097.4703129035997,387.69328397833726,-1690.6080830403532
ID421,A,2314.3601797439983,402.24055677556663,4937.891978938704
ID422,B,3085.007514139673,363.3726886786685,6185.742526166455
ID423,B,2855.584389444111,400.9941554295173,5723.331960928301
ID424,B,2373.967157993841,411.186361130299,4755.751895954569
ID425,B,2549.6888908552446,427.4889990552997,5095.509198696786
ID426,A,2657.3991239558773,400.7080263857559,5967.204074437143
ID427,C,2166.538995949041,420.7804250743843,-1748.7942722465993
ID428,A,2194.0737435849196,404.2601985200557,4561.81887619019
ID429,C,2881.904498951099,423.1277637077082,-2457.8808605283684
ID430,A,2414.240515920666,386.35461557470035,5312.844519615567
ID431,A,2399.253990477919,409.04255183695994,5141.961700887937
ID432,A,2510.0979768195757,398.0048503141065,5557.775437819332
ID433,B,3026.551444938873,393.9851943767937,6064.009040496326
ID434,B,2268.905736264427,399.8281543957224,4537.704718466689
ID435,B,2677.9424983437084,386.44086049542193,5357.740061630093
ID436,C,2329.5760838687393,407.1037052508222,-1908.767635997003
ID437,B,2475.2328027187273,394.95508633418785,4957.7861488667895
ID438,B,2633.9606128594,398.6028287270058,5265.379586304066
ID439,A,2435.784854445509,419.95296015350345,5202.061805282582
ID440,C,2458.81424029431,366.80380605569485,-2087.09158287787
ID441,B,2501.534584592234,403.7508662684144,5003.38357850522
ID442,A,2483.0911273577767,398.80840870789615,5454.0388336254755
ID443,B,2504.938076661795,385.56815325379296,5032.138043214342
ID444,C,2695.2977237179152,418.01518764751,-2268.928692000792
ID445,B,2219.966365645301,400.7920253719798,4458.431257018185
ID446,B,2357.267232170509,414.61051378816353,4717.465420359396
ID447,C,2196.449635789896,409.535110566305,-1785.0871365733774
ID448,A,2590.2973851713623,392.2913138243194,5811.850334825488
ID449,C,2602.279442203953,365.2260014841884,-2251.92492525927
ID450,A,2679.7612519969066,411.31669672085235,5977.925883644358
ID451,A,2682.8614136097062,388.3729892553262,6115.684102919564
ID452,B,2363.1288124208363,384.68988368035343,4713.421594844125
ID453,B,2192.3434281806803,415.12501700973746,4386.073970932212
ID454,A,2021.223145840501,405.4318615517136,4031.4438435099555
ID455,B,1769.495948500481,412.8821079935812,3550.556976872939
ID456,B,2813.968568389771,389.5757550652757,5618.199115139646
ID457,A,2321.764454788623,401.8647998031519,4968.759076980107
ID458,A,2839.461636116723,406.5811906189453,6504.535057556561
ID459,A,1807.8018739794625,386.58142879046255,3482.8789924271055
ID460,B,2624.186887222741,394.9802128557219,5232.611867147237
ID461,B,2340.4472290094564,419.4844236486056,4677.38651097764
ID462,C,2299.896950355886,394.99949200600145,-1903.7086758175215
ID463,A,2378.537227787968,390.8631997105424,5179.977840385928
ID464,C,2432.63516010488,409.22911404257144,-2028.2190053371698
ID465,A,2775.5678532979628,377.84247790020737,6443.930186790678
ID466,B,2548.104226017364,373.55754324872123,5107.294505866182
ID467,A,2132.1155052352933,388.17345174241416,4454.570017619218
ID468,A,2501.884333654632,407.9084734135233,5468.408323271738
ID469,A,2228.8186279903234,391.7868240491229,4747.286199732487
ID470,C,2478.7998193087437,395.877747707226,-2073.9751588916324
ID471,B,2559.960503237601,443.431579304839,5134.53553558978
ID472,C,2258.7754004410604,401.2988522485763,-1846.0890902777248
ID473,C,2083.208940861942,390.75019003251776,-1710.6531411233059
ID474,C,2157.041848343545,406.18876787682706,-1745.0105787278603
ID475,B,2525.461812231364,401.3608073451621,5062.850287211005
ID476,B,2129.721347995744,407.2142578677385,4268.77519929419
ID477,A,2412.659821817906,392.96461730128397,5261.839972344137
ID478,A,2187.2201533255848,404.91080057380157,4536.9872525226965
ID479,C,3043.659158829787,406.26614191572247,-2642.715911161987
ID480,C,1895.2161977683813,391.9435665451587,-1500.9632048224619
ID481,A,2533.588315025217,394.0238825385501,5642.514333778653
ID482,C,2943.384655273582,426.91826903514476,-2495.363827935446
ID483,C,1715.0665490274396,420.6061284819418,-1288.1734910963175
ID484,A,3070.5983596316223,401.29097988514013,7197.728014453163
ID485,C,2459.2217105771724,399.6366597050892,-2058.7552225839513
ID486,B,2270.7350515524195,387.39901610682074,4538.447410244037
ID487,C,2533.757195640108,402.60153758897155,-2157.4154876571947
ID488,A,2579.6258573473224,383.5061693315196,5830.939618332897
ID489,B,2795.8637390995364,392.36684893857944,5596.651349037315
ID490,B,2547.6007827322037,385.6570694842986,5094.725268336028
ID491,C,2612.0443685231835,400.7849325561706,-2232.46093299309
ID492,C,2463.4475109347377,390.40075215908985,-2086.5798910857893
ID493,B,2885.1444058535335,400.2801047734141,5760.062974501528
ID494,C,2515.7416342586944,397.15076569763045,-2133.23925816889
ID495,C,2673.383018138145,392.03490932863696,-2266.3387829242743
ID496,B,2315.179410669365,418.43824467939123,4624.630467880032
ID497,A,2250.7356553330046,386.3928032206956,4807.909838280239
ID498,A,2752.6826701646373,401.4809152092171,6250.337171059339
ID499,B,2128.2631937548194,402.8947501191764,4262.010115406924
ID500,C,2134.891362190153,403.0800788002357,-1704.6669500917335
ID501,A,2266.0916075240625,383.11924268850987,4893.210881444374
ID502,C,2507.0927350339766,402.0447165305746,-2086.917545634048
ID503,A,2587.398262859205,415.5723105351673,5657.7309397559275
ID504,C,1316.8377103745531,368.8182293437316,-951.7301121526401
ID505,A,2607.253200663527,403.44868965558203,5785.635058107014
ID506,A,2308.8652067540643,393.4846989248018,4946.919235592336
ID507,C,2639.8392285039745,376.63963248764526,-2265.6270994698325
ID508,A,2167.3342663127128,413.4180710054721,4427.8167259989
ID509,C,2759.3301800374434,421.57416911757105,-2338.396080525056
ID510,C,2574.389520007587,382.8853708619145,-2211.4091900872486
ID511,C,2467.8798962489086,398.14233968077497,-2068.8256212399037
ID512,A,2523.0872439101167,421.5303376058465,5484.247217242166
ID513,B,2896.5037215376956,413.40783512627735,5804.3657783192175
ID514,B,1996.9778974569895,415.2086388128061,3976.3018948793324
ID515,A,2361.479558174947,397.7821445353754,5094.010865935986
ID516,C,2280.264667273794,385.585395273861,-1898.7557045950055
ID517,B,1508.75678285317,417.9953894635188,3023.8698714275906
ID518,B,2563.0599398709073,398.7799505988466,5111.419072060809
ID519,B,2904.7714639104183,424.96016369098885,5795.913712426245
ID520,A,2324.5790386906333,407.8665724598807,4940.331965811436
ID521,A,2717.4603382192267,420.26063015098595,6049.3896520963535
ID522,A,2487.639734154533,403.9824719163105,5441.305833531967
ID523,B,2146.3961118569455,403.64538591304796,4288.210032030693
ID524,A,2099.6816719528297,394.0999302256803,4331.5362680448325
ID525,B,2564.9473259893225,385.17629789851014,5124.548421961953
ID526,A,2390.07290643143,397.83161839095567,5192.978817890663
ID527,A,2584.7093172992577,386.830744464698,5800.897674712702
ID528,B,2091.589679942733,388.6050257289943,4167.606002726408
ID529,C,2486.971875854822,431.71896241170015,-2026.0748042460907
ID530,B,2530.0287784318216,383.0810093391611,5067.199068776085
ID531,A,2840.678037515004,390.78441484992044,6559.0752416057585
ID532,C,2677.6856596819107,394.2859815451169,-2283.193011512427
ID533,A,2292.9800673447176,393.9480581140065,4896.0019846539635
ID534,A,2652.469740978799,394.09703356459175,5993.482799415637
ID535,A,2460.1615713924125,421.168286037378,5265.773239484854
ID536,A,2065.2750032648014,381.3693941640345,4288.786907734987
ID537,C,2048.306920605883,385.3032755123408,-1673.3533624004074
ID538,A,2325.190551014265,374.8455352389289,5098.558406700451
ID539,C,2660.3790143893334,401.78263387031006,-2256.584272737309
ID540,B,2489.5609921031387,404.72991375711956,4961.3606328189835
ID541,B,2214.3415753430922,398.56752200649817,4451.159770360159
ID542,B,2271.505890121394,403.37748727693844,4541.006691526892
ID543,A,2787.228588231161,427.40061263502224,6221.998993633721
ID544,A,2408.517746428217,379.7986884661381,5342.032448785118
ID545,A,2677.5007423977927,396.24227601363503,6063.681319199931
ID546,C,2616.2360822439637,401.5106985973055,-2240.7259210667066
ID547,C,2752.011220957112,431.6175971911185,-2327.616502368936
ID548,A,2303.2646797340085,390.2552504129512,4951.794597255151
ID549,C,1977.6055151609557,382.221189045382,-1588.5287315185576
ID550,C,2687.179494345127,378.61683318954965,-2288.822313638067
ID551,A,2892.6508325742643,422.76137753085686,6564.19219036412
ID552,C,2341.3699206663623,388.88546635264436,-1924.2745536674756
ID553,A,2131.4316921824025,390.7636620996066,4430.406958134674
ID554,B,2367.368621706967,386.34501632975827,4742.801461693038
ID555,A,2530.4140459388473,399.80390371312825,5592.907406717102
ID556,A,2418.112313291317,389.49430051863624,5298.209535608904
ID557,A,2826.3733652516025,426.2773164702895,6352.670341603096
ID558,B,2762.367235068238,404.19580818478653,5510.337923595701
ID559,C,2239.8170319668666,397.61785710241224,-1833.9446032439
ID560,C,2910.292021468452,413.5095906904912,-2497.715049017753
ID561,B,1885.3951951353597,410.8608772177539,3764.0780639936197
ID562,A,2688.411757325749,406.2914590896707,6027.208524067139
ID563,A,2910.8050246133826,410.50343528265336,6676.811901765561
ID564,C,2407.293071222161,408.39345750954266,-2002.1679886201712
ID565,A,2662.5136000935618,396.4261248652257,5990.022652383378
ID566,B,2228.035962265627,364.61020036313823,4452.291143676605
ID567,B,2481.474983261681,407.04273262040994,4990.0568123444755
ID568,B,2356.943109665718,380.33454639831155,4746.233481379323
ID569,B,2520.038305406374,383.0982519763627,5025.425548464709
ID570,A,2431.3851476722425,433.76982564669464,5128.771023788151
ID571,C,2893.7787998472,405.80202827841543,-2505.15424185906
ID572,B,2474.925064606412,386.0044735268683,4972.918451530928
ID573,B,2257.3684258770127,390.0516488795001,4516.5814657857845
ID574,A,2554.8706079463504,403.89282155297406,5628.223281964454
ID575,C,2113.5761762406223,392.2325317674294,-1713.9696355346407
ID576,C,2638.0990340540557,374.79646611556865,-2252.3644130651037
ID577,B,2656.0371194001086,410.28332797263926,5307.322743184568
ID578,B,2343.2613341960646,411.8479735774069,4678.442920236177
ID579,A,2690.5833120422476,383.15503263038363,6173.075882262643
ID580,B,2388.4594532033293,387.73370112830384,4792.392582377401
ID581,C,2990.7671061667825,401.24537155554845,-2581.0492372281888
ID582,C,2956.089429225023,425.30005496122754,-2509.200106019183
ID583,B,2296.163583184528,397.3061418544766,4577.634414348049
ID584,A,2530.582409076875,386.12038021200976,5657.120588469501
ID585,C,2348.954759318748,406.26561012910014,-1930.812094713331
ID586,C,2897.0708440003527,408.13276733951125,-2490.7855346890174
ID587,C,2559.1942222559724,408.26739969888047,-2142.830847284125
ID588,B,2408.20629933136,398.39159494962286,4822.129620227606
ID589,A,2463.6935063788937,404.4080341980135,5349.439649234288
ID590,B,2401.7745295289337,421.1503479959597,4795.924617087681
ID591,B,2296.445988505661,407.1083813918259,4583.416516382666
ID592,C,2393.156855821154,411.2035845550164,-1975.7471542308583
ID593,A,1885.8420963796714,410.9436597383223,3603.1532144914254
ID594,B,2326.16080449946,393.91234004671384,4655.90510963677
ID595,A,2628.6797439138136,404.2730933065513,5854.235187973909
ID596,A,2219.407630163588,411.6268185831383,4615.047308490433
ID597,A,2617.4514128900737,423.3567672227089,5732.890833586759
ID598,B,2464.8824973814135,409.00681674550765,4923.221197722083
ID599,B,2870.9745443484753,419.91182361781256,5742.174699546968
ID600,C,3111.285646223704,389.7577787982065,-2742.6298852904874
ID601,C,2496.6786493951936,399.2174510604021,-2100.715589504247
ID602,A,2323.7780418131274,427.39920018182386,4823.800788516228
ID603,B,2640.369772957178,393.4948260206168,5285.52825531531
ID604,A,1752.849580741452,399.20635900680475,3281.452071800922
ID605,C,2297.1252584726367,386.68027006391793,-1920.570997272907
ID606,B,2302.8944394440496,426.5756669384402,4604.241858258223
ID607,A,2259.7886869242598,412.2564671347272,4699.243653506004
ID608,A,2406.7002537843164,419.47637179255355,5114.651425429042
ID609,B,2371.715326971446,386.7626813837508,4749.881850402458
ID610,A,2515.1622885816487,391.42072002332173,5575.307645811987
ID611,A,2662.913823128915,404.5194619131623,5976.226677138943
ID612,B,2749.055641497609,402.4914072339701,5488.5292664053295
ID613,A,2635.719023129026,389.5006345955298,5972.208940965145
ID614,C,2652.0612044029335,389.74506829895313,-2258.8918894705803
ID615,B,2841.0115853270067,369.857141266859,5690.962610961272
ID616,B,2410.3007716319826,396.75480948745826,4793.668877981927
ID617,B,2867.299348929241,403.2522308183365,5731.271548662586
ID618,C,2881.2355495516827,401.1006590119048,-2465.634498680461
ID619,A,2293.9868717281547,413.7391694354112,4818.028069876849
ID620,B,2820.719889689562,405.5764175357815,5637.720521757648
ID621,C,2228.2120207090893,368.648497016347,-1840.6177046960247
ID622,B,2697.2942918870376,363.6189469614024,5406.8697362670855
ID623,A,1898.1434544221875,414.21437135091696,3607.0021044388723
ID624,B,2688.994583827034,407.5951976238457,5386.693253678688
ID625,B,2716.957879676206,405.67110664289044,5428.025509329273
ID626,B,1954.3862147771815,379.96746309365113,3910.3208076193064
ID627,B,2032.3718160796836,393.66240932258285,4065.027595817311
ID628,A,2781.0692520509324,404.17439550216113,6314.295091459049
ID629,C,2119.38363099657,386.57633142977016,-1730.1105604821305
ID630,C,2190.9265988185457,412.5361595711471,-1760.8041798078084
ID631,A,1735.9249311594808,402.0192532511933,3205.2603002257792
ID632,C,2777.1514225945357,410.9375863258731,-2364.515151290565
ID633,A,2477.8378533202526,393.30710113888523,5467.7002090622045
ID634,B,2940.545707437008,402.08345504053847,5877.157702906709
ID635,A,2591.417420494741,412.11291700783426,5704.6554680356785
ID636,B,2074.217202661096,398.1421003221204,4146.6833212074425
ID637,B,3024.547213487188,398.15608789694784,6043.331935514084
ID638,A,2956.561571079573,376.9291137298944,6971.778914730215
ID639,C,2203.3140817991007,393.3222507087365,-1818.89350500726
ID640,A,2996.41737494951,411.7079451557712,6931.655359329885
ID641,C,2662.63305434316,408.68073675719324,-2256.415311942913
ID642,B,2228.9923055416325,404.29836422655643,4444.946954260268
ID643,C,2658.4521594323337,393.7364594025113,-2263.5515338683203
ID644,B,2514.497636218973,385.53796202382017,5020.127690855667
ID645,B,1993.2765149476218,388.953248822872,3989.718058396635
ID646,A,2448.1305736874256,405.858702339443,5331.808240320404
ID647,A,2465.1718179907957,403.42746860159554,5357.502532181364
ID648,A,2411.763161754317,417.91832303399633,5164.805031375874
ID649,A,2295.9498698812695,389.0231691710033,4942.795703171772
ID650,B,2899.9828452416455,405.8543812663067,5817.580308791961
ID651,B,2504.1212314253826,405.70203682581604,4992.107141010113
ID652,A,2225.1721510815787,418.14889041959043,4570.262309034528
ID653,A,2297.0735606417647,414.7876806342631,4826.016804787136
ID654,C,2312.3265580063785,397.6829101334532,-1915.7011997465386
ID655,A,2316.031862368759,413.2772065728792,4887.325161116107
ID656,B,2531.0123696657006,405.4797371584374,5035.628978249221
ID657,B,1926.1793812894975,378.4762179385609,3866.0112701760468
ID658,B,2383.2939052185825,391.40852671575686,4773.2501389870495
ID659,B,2683.3585454472495,397.31124718199374,5354.978788777989
ID660,B,2179.209132791135,398.0503195478505,4371.072286309475
ID661,C,2510.9295961765056,399.7314279653855,-2114.72299484899
ID662,B,3025.706289977935,408.198670722471,6052.35499593878
ID663,A,2523.333555158473,387.309036315706,5643.725491332587
ID664,A,2626.934033369012,404.87658104615065,5857.922456797692
ID665,C,2542.662985550819,414.53816769107254,-2124.4237107839945
ID666,B,2892.1506648613185,396.0510610876633,5796.70159391117
ID667,B,2875.5135562703863,392.10178909111835,5754.076508033025
ID668,A,2653.7031989410557,393.2073539756621,5987.674617303252
ID669,B,2500.47255393092,379.6993274730396,5022.223110160381
ID670,C,2200.1857976132455,390.98811970132533,-1809.132284500983
ID671,A,2625.6913949227323,391.64069339228206,5914.66638484236
ID672,A,2492.7406050260574,417.6458232276454,5388.408250413376
ID673,C,2876.728560917493,386.3174801235216,-2493.6933165565265
ID674,B,2922.7593129221777,383.94783792950506,5837.846694535893
ID675,A,2539.8126942130834,409.1343126177986,5557.8285040091505
ID676,B,2720.8422089674145,412.36230178036,5451.142606374096
ID677,B,2684.9573782292664,394.347714529224,5380.163859289792
ID678,B,2965.9820012549385,362.84770093439556,5942.968087281204
ID679,A,1881.0113458011592,406.9379507738903,3586.915666275763
ID680,A,2879.887587995022,374.29552356282807,6765.59088332302
ID681,B,2449.736471826008,405.5773540267694,4896.342821647731
ID682,B,3003.599547367287,371.9441209593402,6013.678999687139
ID683,C,2395.9012748841105,405.44380550634014,-2005.6321659054342
ID684,B,2721.696105356021,415.8321666792148,5457.296701440084
ID685,C,2511.4658751482384,418.6914403418492,-2092.882589405327
ID686,B,2941.936274576926,408.5219348822392,5867.137910181713
ID687,C,2819.693477655246,391.43475024326904,-2422.337887987643
ID688,C,2500.811652230675,423.86949151100134,-2072.0562027792917
ID689,C,1968.5152867258803,389.7559946189363,-1592.599953927729
ID690,A,2489.796233179315,393.55139439678,5483.1198202625155
ID691,C,2614.509539286865,402.8267831569785,-2218.920530895147
ID692,A,3148.798314203079,436.9635593099896,7284.497884249142
ID693,C,1540.0707855079115,399.5629168229856,-1140.474088202949
ID694,A,2650.078394865125,399.038507117392,5961.384678469193
ID695,B,2406.674046966613,399.16343748473537,4800.372932402846
ID696,C,2846.4001603652723,400.0128786309254,-2444.6109458583655
ID697,C,2282.165098230809,400.0417631834512,-1896.0830050448938
ID698,C,2315.4630975740733,419.3503061491871,-1907.0402508411066
ID699,C,2829.5931183204057,407.8861687806543,-2413.9241951127497
ID700,A,2582.6337060049077,403.18332313974105,5737.347977480982
ID701,B,2131.0606386824834,419.48146902123256,4250.804420542483
ID702,A,3253.6759273923144,357.4051229617211,7962.732976826442
ID703,A,2659.2675592718856,403.0379346379039,5969.541518001199
ID704,C,1863.1840440834665,392.164817485291,-1478.831693821688
ID705,A,2927.4875820777156,406.03095192973336,6757.215765221885
ID706,C,2544.8332352322514,416.1316755760324,-2150.8471440945773
ID707,A,2503.968737866124,394.64401557325056,5562.549324746808
ID708,B,3011.0168162003347,404.2340127906002,6004.305034858832
ID709,B,2603.0810553822703,392.21618361967086,5215.960488732775
ID710,C,2584.6689015746906,386.7882988871261,-2204.067222997681
ID711,B,2221.2762497326516,389.20642252834574,4449.439425079406
ID712,A,2714.066911327429,387.7372114868736,6198.001844983631
ID713,A,2643.85184756256,404.7398979671244,5919.079266507679
ID714,B,2664.175471138548,391.4508491371096,5338.5917875555115
ID715,B,2612.7972202938204,388.7962648330018,5225.046710416452
ID716,A,2795.170273237596,396.38929958946875,6397.224975332276
ID717,B,2158.2428956302847,417.4401155830307,4314.373947211263
ID718,A,2625.7927964090354,391.9881134993194,5911.127145130079
ID719,B,2370.144024267799,396.0878881939224,4738.378317308865
ID720,B,2278.3964847716484,397.15037050419465,4556.108842889504
ID721,A,2430.558395972857,365.48996087032543,5446.46298774897
ID722,B,2615.950774294468,380.9523199483598,5223.396474252452
ID723,A,2653.509636911685,421.29239914585486,5852.335671380644
ID724,B,2467.4396664831365,397.59792726361206,4917.099316592099
ID725,A,2297.5714032362102,392.4190616719875,4913.565882781883
ID726,C,2366.3076797893427,407.3963955728024,-1953.3685247358278
ID727,A,2708.124574691401,410.52179055388495,6083.068038139329
ID728,C,2308.1147930864777,386.8030044245595,-1915.0933408627145
ID729,C,3383.8976984117253,400.0616802955774,-2992.567981937158
ID730,C,2525.959203161095,414.06919110047727,-2125.2011768544758
ID731,A,2037.8605305591961,386.0791211329246,4185.478074095646
ID732,B,2318.2045118350607,394.34321920527555,4620.864056635508
ID733,B,2751.4676124212565,416.74603192482687,5506.682837583102
ID734,A,1998.767581920645,383.0607383191478,4087.572575786674
ID735,C,2329.174157666497,385.55200438378023,-1921.860365751778
ID736,B,2578.222257653362,392.2047315344736,5150.619113487202
ID737,C,2879.92562970093,386.3765635995198,-2502.1460763997325
ID738,C,2862.7711614789237,383.9439417139407,-2469.3604223612774
ID739,A,2108.172692295195,407.5412928252319,4276.950198357582
ID740,B,2829.7805795543422,407.19984783019,5665.687667476532
ID741,B,2457.4342543916246,373.93464772865144,4918.436947591148
ID742,C,2768.8378533318637,379.02183263383,-2398.7023772522366
ID743,C,2508.568737881023,408.7382631121269,-2066.994191408578
ID744,B,2151.019559834118,406.71155050778435,4288.742442572246
ID745,C,2089.510301212889,408.64177515632264,-1676.9319648568996
ID746,B,2624.135001586117,391.8819593118869,5228.468273585463
ID747,A,2132.894497053318,406.59944555238764,4373.6044401784575
ID748,C,3038.7864943785603,375.40294467995636,-2657.136318226222
ID749,B,2397.1800788949236,386.94874703720666,4784.702426749611
ID750,C,2890.2912600884897,410.38996529302835,-2455.5321112046677
ID751,B,2347.580421874719,394.43810363369016,4678.24017834765
ID752,A,2462.19819787302,393.96655175770434,5408.590425543486
ID753,A,3191.04734086514,380.7870648671496,7668.508577515418
ID754,B,3225.12963317311,371.0064703410317,6438.139253582776
ID755,A,2422.851156038189,397.0492241353898,5277.520871480028
ID756,C,2656.9087526932203,384.1130467132343,-2267.7657700684445
ID757,A,2340.130361108775,402.97405513403805,5005.3287354837785
ID758,B,2379.350350354357,398.4354369450293,4755.386086616618
ID759,B,2324.7334411055826,407.3773340283922,4655.0972059589985
ID760,C,3156.5952415418415,392.2002473508343,-2764.9323638819033
ID761,A,2615.9299317519803,392.47614280670035,5877.57821410914
ID762,A,2764.533207179646,422.0669884951278,6185.800098510621
ID763,A,2715.401476101344,400.7866312522609,6129.820729129757
ID764,C,2528.8447847478974,414.48841607100354,-2134.6941119229864
ID765,A,2609.9857985506856,396.9318417567324,5857.2817663985
ID766,B,2516.4316727088717,383.6356207947049,5018.081323329557
ID767,A,2331.945555388329,398.0939369711272,5012.687969416576
ID768,B,3027.251823720537,385.61615097529574,6049.41919998871
ID769,B,2428.856876744185,393.2589474330778,4838.3487776866305
ID770,B,3057.113416159993,394.8215232033115,6111.685392666218
ID771,A,2238.5279277669033,373.716371356075,4847.897417473319
ID772,A,2084.4051818610383,408.02387696337394,4210.92604764376
ID773,C,2387.1246594233867,434.6315777345505,-1968.6348856346428
ID774,B,2358.804902525182,400.000279756539,4715.178139619303
ID775,B,2666.446474999391,406.3227896142016,5338.7442502897675
ID776,B,2339.8168861331737,399.6994780800041,4673.628611181324
ID777,B,2668.7625456878513,394.07012318954145,5361.670914129961
ID778,A,2476.49511628029,423.2563490225974,5320.614031942836
ID779,C,2498.947874749503,369.8779053378369,-2138.23318116699
ID780,B,3004.342156571485,420.70721399848094,6016.194934355693
ID781,B,2467.489332362212,381.8915096433527,4917.186377841039
ID782,B,2533.891793302556,388.60103747072253,5068.548022121904
ID783,B,2464.0032767258167,383.7243907468498,4931.2494205302
ID784,A,2656.948311474024,400.77198954389814,5964.023579336585
ID785,B,2501.19888269039,404.18159368527085,5002.0739857498065
ID786,A,2896.5613730275068,394.49396182934476,6718.484048200535
ID787,B,2573.1889138265465,390.32146462688036,5161.883517050028
ID788,B,2559.864987920884,373.4973048022024,5140.660444999426
ID789,B,2337.350499838429,403.72175148993267,4687.9038385770855
ID790,C,3010.1661703090153,405.9922930713131,-2612.2870047606
ID791,C,2484.6654445112335,385.4387230198099,-2094.455997316505
ID792,C,3099.997094461088,409.45294807776315,-2667.231625223418
ID793,A,2215.6655435238486,414.0668014508184,4571.716727308351
ID794,C,2225.4229313011288,382.0243726396921,-1847.3735934159752
ID795,B,1919.219655294994,413.02025155962787,3815.780341498014
ID796,C,2657.0141523227085,412.5719715686571,-2223.1206159951926
ID797,A,2169.272825279031,389.13555825905496,4561.356337009914
ID798,A,3117.7186821068367,382.13192625667114,7470.908642937724
ID799,A,2392.2678824198188,382.39589426238666,5260.121995319875
ID800,C,2440.2088391615493,381.8300158593783,-2064.2299935682045
